{
  "amt": [
    1834719.3939274957,
    -8805.799521320532,
    -30943.61125661365
  ],
  "cnt": [
    169.82814514370702,
    0.1775471839190804,
    -4.2911987883393605
  ]
}